{
  "test": {
    "accuracy": 0.9901497883425594,
    "precision": 0.9886275120735317,
    "recall": 0.9924929621520175,
    "f1": 0.9905564660891282,
    "pr_auc": 0.9992731466582749
  }
}